--
-- PostgreSQL database dump
--

-- Dumped from database version 17.4 (Debian 17.4-1.pgdg120+2)
-- Dumped by pg_dump version 17.4 (Debian 17.4-1.pgdg120+2)

SET statement_timeout = 0;
SET lock_timeout = 0;
SET idle_in_transaction_session_timeout = 0;
SET transaction_timeout = 0;
SET client_encoding = 'UTF8';
SET standard_conforming_strings = on;
SELECT pg_catalog.set_config('search_path', '', false);
SET check_function_bodies = false;
SET xmloption = content;
SET client_min_messages = warning;
SET row_security = off;

SET default_tablespace = '';

SET default_table_access_method = heap;

--
-- Name: app_role; Type: TABLE; Schema: public; Owner: postgres
--

CREATE TABLE public.app_role (
    role_id bigint NOT NULL,
    role_name character varying(50) NOT NULL,
    description character varying(255)
);


ALTER TABLE public.app_role OWNER TO postgres;

--
-- Name: app_role_permissions; Type: TABLE; Schema: public; Owner: postgres
--

CREATE TABLE public.app_role_permissions (
    app_role_role_id bigint NOT NULL,
    permissions_id bigint NOT NULL
);


ALTER TABLE public.app_role_permissions OWNER TO postgres;

--
-- Name: app_role_role_id_seq; Type: SEQUENCE; Schema: public; Owner: postgres
--

ALTER TABLE public.app_role ALTER COLUMN role_id ADD GENERATED BY DEFAULT AS IDENTITY (
    SEQUENCE NAME public.app_role_role_id_seq
    START WITH 1
    INCREMENT BY 1
    NO MINVALUE
    NO MAXVALUE
    CACHE 1
);


--
-- Name: app_user; Type: TABLE; Schema: public; Owner: postgres
--

CREATE TABLE public.app_user (
    user_id character varying(36) NOT NULL,
    username character varying(50) NOT NULL,
    password character varying(255) NOT NULL,
    active boolean DEFAULT true,
    email character varying(100),
    numero_telephone character varying(20),
    image character varying(255)
);


ALTER TABLE public.app_user OWNER TO postgres;

--
-- Name: app_user_app_roles; Type: TABLE; Schema: public; Owner: postgres
--

CREATE TABLE public.app_user_app_roles (
    app_user_user_id character varying(36) NOT NULL,
    app_roles_role_id bigint NOT NULL
);


ALTER TABLE public.app_user_app_roles OWNER TO postgres;

--
-- Name: databasechangelog; Type: TABLE; Schema: public; Owner: postgres
--

CREATE TABLE public.databasechangelog (
    id character varying(255) NOT NULL,
    author character varying(255) NOT NULL,
    filename character varying(255) NOT NULL,
    dateexecuted timestamp without time zone NOT NULL,
    orderexecuted integer NOT NULL,
    exectype character varying(10) NOT NULL,
    md5sum character varying(35),
    description character varying(255),
    comments character varying(255),
    tag character varying(255),
    liquibase character varying(20),
    contexts character varying(255),
    labels character varying(255),
    deployment_id character varying(10)
);


ALTER TABLE public.databasechangelog OWNER TO postgres;

--
-- Name: databasechangeloglock; Type: TABLE; Schema: public; Owner: postgres
--

CREATE TABLE public.databasechangeloglock (
    id integer NOT NULL,
    locked boolean NOT NULL,
    lockgranted timestamp without time zone,
    lockedby character varying(255)
);


ALTER TABLE public.databasechangeloglock OWNER TO postgres;

--
-- Name: disponibilite_medecin; Type: TABLE; Schema: public; Owner: postgres
--

CREATE TABLE public.disponibilite_medecin (
    id bigint NOT NULL,
    medecin_id bigint NOT NULL,
    jour_semaine integer,
    heure_debut time without time zone,
    heure_fin time without time zone,
    disponible boolean DEFAULT true
);


ALTER TABLE public.disponibilite_medecin OWNER TO postgres;

--
-- Name: disponibilite_medecin_id_seq; Type: SEQUENCE; Schema: public; Owner: postgres
--

ALTER TABLE public.disponibilite_medecin ALTER COLUMN id ADD GENERATED BY DEFAULT AS IDENTITY (
    SEQUENCE NAME public.disponibilite_medecin_id_seq
    START WITH 1
    INCREMENT BY 1
    NO MINVALUE
    NO MAXVALUE
    CACHE 1
);


--
-- Name: documents; Type: TABLE; Schema: public; Owner: postgres
--

CREATE TABLE public.documents (
    id bigint NOT NULL,
    nom character varying(255) NOT NULL,
    type character varying(255) NOT NULL,
    description text,
    date_ajout timestamp without time zone NOT NULL,
    chemin character varying(255) NOT NULL,
    taille bigint,
    dossier_medical_id bigint,
    categorie character varying(100)
);


ALTER TABLE public.documents OWNER TO postgres;

--
-- Name: documents_id_seq; Type: SEQUENCE; Schema: public; Owner: postgres
--

ALTER TABLE public.documents ALTER COLUMN id ADD GENERATED BY DEFAULT AS IDENTITY (
    SEQUENCE NAME public.documents_id_seq
    START WITH 1
    INCREMENT BY 1
    NO MINVALUE
    NO MAXVALUE
    CACHE 1
);


--
-- Name: donnees_physiologiques; Type: TABLE; Schema: public; Owner: postgres
--

CREATE TABLE public.donnees_physiologiques (
    id bigint NOT NULL,
    rendez_vous_id bigint NOT NULL,
    poids numeric(5,2),
    taille numeric(5,1),
    imc numeric(4,1),
    oeil_droit character varying(20),
    oeil_gauche character varying(20),
    tension_systolique integer,
    tension_diastolique integer,
    frequence_cardiaque integer,
    frequence_respiratoire integer,
    temperature numeric(3,1),
    glycemie numeric(4,2),
    remarques text
);


ALTER TABLE public.donnees_physiologiques OWNER TO postgres;

--
-- Name: donnees_physiologiques_id_seq; Type: SEQUENCE; Schema: public; Owner: postgres
--

ALTER TABLE public.donnees_physiologiques ALTER COLUMN id ADD GENERATED BY DEFAULT AS IDENTITY (
    SEQUENCE NAME public.donnees_physiologiques_id_seq
    START WITH 1
    INCREMENT BY 1
    NO MINVALUE
    NO MAXVALUE
    CACHE 1
);


--
-- Name: dossier_medical; Type: TABLE; Schema: public; Owner: postgres
--

CREATE TABLE public.dossier_medical (
    id bigint NOT NULL,
    allergies text,
    antecedents text,
    traitements_chroniques text,
    patient_id bigint NOT NULL,
    groupe_sanguin character varying(10)
);


ALTER TABLE public.dossier_medical OWNER TO postgres;

--
-- Name: dossier_medical_id_seq; Type: SEQUENCE; Schema: public; Owner: postgres
--

ALTER TABLE public.dossier_medical ALTER COLUMN id ADD GENERATED BY DEFAULT AS IDENTITY (
    SEQUENCE NAME public.dossier_medical_id_seq
    START WITH 1
    INCREMENT BY 1
    NO MINVALUE
    NO MAXVALUE
    CACHE 1
);


--
-- Name: factures; Type: TABLE; Schema: public; Owner: postgres
--

CREATE TABLE public.factures (
    id bigint NOT NULL,
    numero_facture character varying(50) NOT NULL,
    date_facture date,
    prix_facture numeric(10,2)
);


ALTER TABLE public.factures OWNER TO postgres;

--
-- Name: factures_id_seq; Type: SEQUENCE; Schema: public; Owner: postgres
--

ALTER TABLE public.factures ALTER COLUMN id ADD GENERATED BY DEFAULT AS IDENTITY (
    SEQUENCE NAME public.factures_id_seq
    START WITH 1
    INCREMENT BY 1
    NO MINVALUE
    NO MAXVALUE
    CACHE 1
);


--
-- Name: medecin; Type: TABLE; Schema: public; Owner: postgres
--

CREATE TABLE public.medecin (
    id bigint NOT NULL,
    nom character varying(255) NOT NULL,
    email character varying(255),
    specialite character varying(255),
    numero_telephone character varying(20)
);


ALTER TABLE public.medecin OWNER TO postgres;

--
-- Name: medecin_id; Type: TABLE; Schema: public; Owner: postgres
--

CREATE TABLE public.medecin_id (
    id bigint
);


ALTER TABLE public.medecin_id OWNER TO postgres;

--
-- Name: medecin_id_seq; Type: SEQUENCE; Schema: public; Owner: postgres
--

ALTER TABLE public.medecin ALTER COLUMN id ADD GENERATED BY DEFAULT AS IDENTITY (
    SEQUENCE NAME public.medecin_id_seq
    START WITH 1
    INCREMENT BY 1
    NO MINVALUE
    NO MAXVALUE
    CACHE 1
);


--
-- Name: medicament; Type: TABLE; Schema: public; Owner: postgres
--

CREATE TABLE public.medicament (
    id bigint NOT NULL,
    nom character varying(255) NOT NULL,
    description text,
    categorie character varying(100),
    fabricant character varying(100),
    dosage_standard character varying(100),
    actif boolean DEFAULT true
);


ALTER TABLE public.medicament OWNER TO postgres;

--
-- Name: medicament_id_seq; Type: SEQUENCE; Schema: public; Owner: postgres
--

ALTER TABLE public.medicament ALTER COLUMN id ADD GENERATED BY DEFAULT AS IDENTITY (
    SEQUENCE NAME public.medicament_id_seq
    START WITH 1
    INCREMENT BY 1
    NO MINVALUE
    NO MAXVALUE
    CACHE 1
);


--
-- Name: notification; Type: TABLE; Schema: public; Owner: postgres
--

CREATE TABLE public.notification (
    id bigint NOT NULL,
    message text,
    lu boolean DEFAULT false,
    date_envoi timestamp without time zone,
    patient_id bigint NOT NULL
);


ALTER TABLE public.notification OWNER TO postgres;

--
-- Name: notification_id_seq; Type: SEQUENCE; Schema: public; Owner: postgres
--

ALTER TABLE public.notification ALTER COLUMN id ADD GENERATED BY DEFAULT AS IDENTITY (
    SEQUENCE NAME public.notification_id_seq
    START WITH 1
    INCREMENT BY 1
    NO MINVALUE
    NO MAXVALUE
    CACHE 1
);


--
-- Name: ordonnance; Type: TABLE; Schema: public; Owner: postgres
--

CREATE TABLE public.ordonnance (
    id bigint NOT NULL,
    contenu text,
    date_emission date,
    archivee boolean DEFAULT false,
    remarques text,
    rendez_vous_id bigint
);


ALTER TABLE public.ordonnance OWNER TO postgres;

--
-- Name: ordonnance_id_seq; Type: SEQUENCE; Schema: public; Owner: postgres
--

ALTER TABLE public.ordonnance ALTER COLUMN id ADD GENERATED BY DEFAULT AS IDENTITY (
    SEQUENCE NAME public.ordonnance_id_seq
    START WITH 1
    INCREMENT BY 1
    NO MINVALUE
    NO MAXVALUE
    CACHE 1
);


--
-- Name: ordonnance_medicament; Type: TABLE; Schema: public; Owner: postgres
--

CREATE TABLE public.ordonnance_medicament (
    id bigint NOT NULL,
    ordonnance_id bigint NOT NULL,
    medicament_id bigint NOT NULL,
    posologie text,
    duree character varying(100),
    frequence character varying(100),
    instructions text
);


ALTER TABLE public.ordonnance_medicament OWNER TO postgres;

--
-- Name: ordonnance_medicament_id_seq; Type: SEQUENCE; Schema: public; Owner: postgres
--

ALTER TABLE public.ordonnance_medicament ALTER COLUMN id ADD GENERATED BY DEFAULT AS IDENTITY (
    SEQUENCE NAME public.ordonnance_medicament_id_seq
    START WITH 1
    INCREMENT BY 1
    NO MINVALUE
    NO MAXVALUE
    CACHE 1
);


--
-- Name: paiement; Type: TABLE; Schema: public; Owner: postgres
--

CREATE TABLE public.paiement (
    id bigint NOT NULL,
    montant numeric(10,2),
    date_paiement date,
    mode_paiement character varying(20),
    patient_id bigint NOT NULL,
    consultation_id bigint
);


ALTER TABLE public.paiement OWNER TO postgres;

--
-- Name: paiement_id_seq; Type: SEQUENCE; Schema: public; Owner: postgres
--

ALTER TABLE public.paiement ALTER COLUMN id ADD GENERATED BY DEFAULT AS IDENTITY (
    SEQUENCE NAME public.paiement_id_seq
    START WITH 1
    INCREMENT BY 1
    NO MINVALUE
    NO MAXVALUE
    CACHE 1
);


--
-- Name: patient; Type: TABLE; Schema: public; Owner: postgres
--

CREATE TABLE public.patient (
    id bigint NOT NULL,
    nom character varying(255) NOT NULL,
    date_naissance date,
    malade boolean DEFAULT false,
    adresse character varying(255),
    code_postal character varying(20),
    numero_telephone character varying(20),
    titre character varying(10),
    rapport text,
    cin character varying(20),
    email character varying(30)
);


ALTER TABLE public.patient OWNER TO postgres;

--
-- Name: patient_id_seq; Type: SEQUENCE; Schema: public; Owner: postgres
--

ALTER TABLE public.patient ALTER COLUMN id ADD GENERATED BY DEFAULT AS IDENTITY (
    SEQUENCE NAME public.patient_id_seq
    START WITH 1
    INCREMENT BY 1
    NO MINVALUE
    NO MAXVALUE
    CACHE 1
);


--
-- Name: permission; Type: TABLE; Schema: public; Owner: postgres
--

CREATE TABLE public.permission (
    id bigint NOT NULL,
    name character varying(100) NOT NULL,
    description character varying(255),
    category character varying(50) NOT NULL
);


ALTER TABLE public.permission OWNER TO postgres;

--
-- Name: permission_id_seq; Type: SEQUENCE; Schema: public; Owner: postgres
--

ALTER TABLE public.permission ALTER COLUMN id ADD GENERATED BY DEFAULT AS IDENTITY (
    SEQUENCE NAME public.permission_id_seq
    START WITH 1
    INCREMENT BY 1
    NO MINVALUE
    NO MAXVALUE
    CACHE 1
);


--
-- Name: rendez_vous; Type: TABLE; Schema: public; Owner: postgres
--

CREATE TABLE public.rendez_vous (
    id bigint NOT NULL,
    date timestamp without time zone NOT NULL,
    status_rdv character varying(20) NOT NULL,
    medecin_id bigint NOT NULL,
    patient_id bigint NOT NULL,
    rapport text,
    prix numeric(10,2),
    date_fin timestamp without time zone
);


ALTER TABLE public.rendez_vous OWNER TO postgres;

--
-- Name: rendez_vous_id_seq; Type: SEQUENCE; Schema: public; Owner: postgres
--

ALTER TABLE public.rendez_vous ALTER COLUMN id ADD GENERATED BY DEFAULT AS IDENTITY (
    SEQUENCE NAME public.rendez_vous_id_seq
    START WITH 1
    INCREMENT BY 1
    NO MINVALUE
    NO MAXVALUE
    CACHE 1
);


--
-- Data for Name: app_role; Type: TABLE DATA; Schema: public; Owner: postgres
--

COPY public.app_role (role_id, role_name, description) FROM stdin;
1	ADMIN	Administrateur du système
2	USER	Utilisateur standard
4	Super_user	super utilisateur
\.


--
-- Data for Name: app_role_permissions; Type: TABLE DATA; Schema: public; Owner: postgres
--

COPY public.app_role_permissions (app_role_role_id, permissions_id) FROM stdin;
4	1
4	2
4	3
4	4
4	5
4	6
4	7
4	8
1	1
1	2
1	3
1	4
1	5
1	6
1	7
1	8
1	9
1	10
1	11
1	12
1	13
1	14
1	15
1	16
1	17
1	18
1	19
1	20
2	1
2	2
2	3
2	4
2	6
\.


--
-- Data for Name: app_user; Type: TABLE DATA; Schema: public; Owner: postgres
--

COPY public.app_user (user_id, username, password, active, email, numero_telephone, image) FROM stdin;
9644f5fd-0664-4c48-a2b4-71dfad7b8bb0	test	$2a$10$zlpK.OkH15BdHIqdw0ex8en96G3msXhz0K1AzXqqzZHnifKdaWYXW	t	string@ss.ss	3832912323	\N
2f23e567-e89b-12d3-a456-426614174001	secretaire	$2a$10$zlpK.OkH15BdHIqdw0ex8en96G3msXhz0K1AzXqqzZHnifKdaWYXW	t	secretaire@hopital.com	0600000001	\N
1f23e567-e89b-12d3-a456-426614174003	admin1	$2a$10$zlpK.OkH15BdHIqdw0ex8en96G3msXhz0K1AzXqqzZHnifKdaWYXW	t	admin@hopital.com	0600000000	\N
1f23e567-e89b-12d3-a456-426614174004	user1	$2a$10$zlpK.OkH15BdHIqdw0ex8en96G3msXhz0K1AzXqqzZHnifKdaWYXW	t	user@hopital.com	0600000000	\N
1f23e567-e89b-12d3-a456-426614174000	bennani	$2a$10$zlpK.OkH15BdHIqdw0ex8en96G3msXhz0K1AzXqqzZHnifKdaWYXW	t	admin@hopital.com	0600000000	\N
\.


--
-- Data for Name: app_user_app_roles; Type: TABLE DATA; Schema: public; Owner: postgres
--

COPY public.app_user_app_roles (app_user_user_id, app_roles_role_id) FROM stdin;
1f23e567-e89b-12d3-a456-426614174003	1
1f23e567-e89b-12d3-a456-426614174003	2
1f23e567-e89b-12d3-a456-426614174004	2
9644f5fd-0664-4c48-a2b4-71dfad7b8bb0	2
1f23e567-e89b-12d3-a456-426614174000	1
1f23e567-e89b-12d3-a456-426614174000	2
2f23e567-e89b-12d3-a456-426614174001	2
\.


--
-- Data for Name: databasechangelog; Type: TABLE DATA; Schema: public; Owner: postgres
--

COPY public.databasechangelog (id, author, filename, dateexecuted, orderexecuted, exectype, md5sum, description, comments, tag, liquibase, contexts, labels, deployment_id) FROM stdin;
07-01	you	db/changelog/changes/07-create-medicament.xml	2025-05-09 23:32:07.888439	8	EXECUTED	8:cc7fe9700af3e109cc89a2eb10bd7bb9	createTable tableName=medicament; createIndex indexName=idx_medicament_nom, tableName=medicament; createTable tableName=ordonnance_medicament; createIndex indexName=idx_ordonnance_medicament_ordonnance, tableName=ordonnance_medicament	Création de la table Medicament et relation avec Ordonnance	\N	4.17.2	\N	\N	6829926559
07-02	you	db/changelog/changes/07-create-medicament.xml	2025-05-09 23:32:07.940456	9	EXECUTED	8:470ccd2e4466c2671a38ff1b8fac7240	createTable tableName=donnees_physiologiques; createIndex indexName=idx_donnees_physiologiques_rdv, tableName=donnees_physiologiques	Création de la table DonneesPhysiologiques liée aux RDV	\N	4.17.2	\N	\N	6829926559
07-03	you	db/changelog/changes/07-create-medicament.xml	2025-05-09 23:32:07.964167	10	EXECUTED	8:5e140e59cacc2c0eb71e7601ab0779f5	addColumn tableName=dossier_medical	Ajout de la colonne groupe sanguin au dossier medical	\N	4.17.2	\N	\N	6829926559
07-05	you	db/changelog/changes/07-create-medicament.xml	2025-05-09 23:32:08.009761	11	EXECUTED	8:2ed4da7ac49151667c7a19beb542d410	dropTable tableName=medicaments_prescrits; dropTable tableName=instructions_medicaments	Suppression des anciennes tables de médicaments après migration	\N	4.17.2	\N	\N	6829926559
06-create-auth-table	developer	db/changelog/changes/06-auth-tables.xml	2025-05-09 23:36:14.548967	12	EXECUTED	8:4952454da491023a0819a7f5a97185ba	insert tableName=app_user; insert tableName=app_user_app_roles; insert tableName=app_user_app_roles; insert tableName=app_user; insert tableName=app_user_app_roles	Création des tables d'authentification	\N	4.17.2	\N	\N	6830174143
05-update-patient-table	vous	db/changelog/changes/05-add-cin-patient.xml	2025-05-09 23:36:14.768431	13	EXECUTED	8:ffb2a4db19af0efd9242af518921c7ba	addColumn tableName=patient		\N	4.17.2	\N	\N	6830174143
01	developer	db/changelog/changes/01-create-tables.xml	2025-05-09 23:32:07.182762	1	EXECUTED	9:6a75ad9fd78057224f0e2064a4c445ee	createTable tableName=patient; createTable tableName=medecin; createTable tableName=dossier_medical; createTable tableName=rendez_vous; createTable tableName=consultation; createTable tableName=ordonnance; createTable tableName=medicaments_prescri...	Création des tables principales	\N	4.17.2	\N	\N	6829926559
02	developer	db/changelog/changes/02-add-constraints.xml	2025-05-09 23:32:07.337606	2	EXECUTED	9:5c50ad4d0f3358f642f196e5639ed90b	createIndex indexName=idx_patient_nom, tableName=patient; createIndex indexName=idx_medecin_nom, tableName=medecin; createIndex indexName=idx_rdv_date, tableName=rendez_vous; createIndex indexName=idx_consultation_date, tableName=consultation; cre...	Ajout des contraintes et des index	\N	4.17.2	\N	\N	6829926559
03	developer	db/changelog/changes/03-initial-data.xml	2025-05-09 23:32:07.498203	3	EXECUTED	9:07ee6a8c66a6eb3e8b2b575e0a01c428	sql; createTable tableName=app_role; insert tableName=app_role; insert tableName=app_role; createTable tableName=app_user; createTable tableName=app_user_app_roles; insert tableName=app_user; insert tableName=app_user; insert tableName=app_user_ap...	Insertion des données initiales pour l'environnement de développement	\N	4.17.2	\N	\N	6829926559
drop-consultation-constraints	vous	db/changelog/changes/04-delete-consultation.xml	2025-05-09 23:32:07.575241	4	EXECUTED	9:e2c2b5b8bf374b51ac4417c93687c624	dropForeignKeyConstraint baseTableName=ordonnance, constraintName=fk_ordonnance_consultation		\N	4.17.2	\N	\N	6829926559
drop-consultation-table	vous	db/changelog/changes/04-delete-consultation.xml	2025-05-09 23:32:07.674964	5	EXECUTED	9:13f4a2027b4a32b566affbd24e566a5e	dropTable tableName=consultation		\N	4.17.2	\N	\N	6829926559
update-rendez_vous-table	vous	db/changelog/changes/04-delete-consultation.xml	2025-05-09 23:32:07.712559	6	EXECUTED	9:3029d619bbf64cb667689e99e6f4c311	addColumn tableName=rendez_vous		\N	4.17.2	\N	\N	6829926559
update-ordonnance-table	vous	db/changelog/changes/04-delete-consultation.xml	2025-05-09 23:32:07.794976	7	EXECUTED	9:19636a20f93dc87ec74f03ec8d7ad8bb	dropColumn columnName=consultation_id, tableName=ordonnance; addColumn tableName=ordonnance		\N	4.17.2	\N	\N	6829926559
08-update-rdv-table	vous	db/changelog/changes/08-add-date-fin-rdv.xml	2025-05-12 00:38:27.926543	14	EXECUTED	9:d989c41c981f67afefda0af6cd32d67c	addColumn tableName=rendez_vous		\N	4.17.2	\N	\N	7006707761
update-patient-table	vous	db/changelog/changes/05-add-cin-patient.xml	2025-05-12 00:56:29.515095	15	MARK_RAN	9:9c09b1d636115bf5d840ff9d10235742	addColumn tableName=patient		\N	4.17.2	\N	\N	7007789327
09-documents-table	developer	db/changelog/changes/09-documents-table.xml	2025-05-13 01:04:55.652936	16	EXECUTED	9:6aa7afeb63344936b834cb077ac5f22e	createTable tableName=documents; createIndex indexName=idx_document_dossier_medical, tableName=documents; createIndex indexName=idx_document_categorie, tableName=documents	Création de la table des documents	\N	4.17.2	\N	\N	7094695310
10-1	application	db/changelog/changes/10-create-permission-tables.xml	2025-05-23 20:55:24.859307	17	EXECUTED	9:ba80e4404dd5181cb363035fb6be45de	createTable tableName=permission; createTable tableName=app_role_permissions; addPrimaryKey constraintName=pk_app_role_permissions, tableName=app_role_permissions		\N	4.24.0	\N	\N	8030124542
10-2	application	db/changelog/changes/10-create-permission-tables.xml	2025-05-23 20:55:25.032401	18	EXECUTED	9:f943b7eff16c6e6ac2384ae8a1ae6225	insert tableName=permission; insert tableName=permission; insert tableName=permission; insert tableName=permission; insert tableName=permission; insert tableName=permission; insert tableName=permission; insert tableName=permission; insert tableNam...		\N	4.24.0	\N	\N	8030124542
10-3	application	db/changelog/changes/10-create-permission-tables.xml	2025-05-23 20:55:25.123132	19	EXECUTED	9:a748b4b0c57256494945eff8f2e13eb5	sql		\N	4.24.0	\N	\N	8030124542
\.


--
-- Data for Name: databasechangeloglock; Type: TABLE DATA; Schema: public; Owner: postgres
--

COPY public.databasechangeloglock (id, locked, lockgranted, lockedby) FROM stdin;
1	f	\N	\N
\.


--
-- Data for Name: disponibilite_medecin; Type: TABLE DATA; Schema: public; Owner: postgres
--

COPY public.disponibilite_medecin (id, medecin_id, jour_semaine, heure_debut, heure_fin, disponible) FROM stdin;
\.


--
-- Data for Name: documents; Type: TABLE DATA; Schema: public; Owner: postgres
--

COPY public.documents (id, nom, type, description, date_ajout, chemin, taille, dossier_medical_id, categorie) FROM stdin;
1	ordonnance_HASNAOUI_HAMZA_19-05-2025 (1).pdf	application/pdf	ttt	2025-05-23 15:25:11.376665	41d25e7b-d53a-4a0e-ade9-c3b29b4792dd.pdf	4939	182	compte_rendu
2	ordonnance_HASNAOUI_HAMZA_19-05-2025 (1).pdf	application/pdf	\N	2025-05-23 21:46:31.697853	69f5779b-b1f9-47ae-beae-3cbff93817bd.pdf	4939	189	\N
3	ordonnance_TEST_HAMID_23-05-2025.pdf	application/pdf	\N	2025-05-23 22:38:25.114188	84432c4c-2010-4ba1-b846-486c99ad66b4.pdf	5312	185	autre
\.


--
-- Data for Name: donnees_physiologiques; Type: TABLE DATA; Schema: public; Owner: postgres
--

COPY public.donnees_physiologiques (id, rendez_vous_id, poids, taille, imc, oeil_droit, oeil_gauche, tension_systolique, tension_diastolique, frequence_cardiaque, frequence_respiratoire, temperature, glycemie, remarques) FROM stdin;
45	111	70.00	170.0	24.2	10	10	11	18	14	0	40.0	0.60	
46	162	72.00	183.0	21.5	10	10	8	13	10	0	32.0	0.20	RAS
49	164	90.00	180.0	27.8	10	10	10	16	13	0	32.0	5.00	
50	165	11.00	11.0	909.1	11	11	11	11	11	0	11.0	11.00	
51	169	70.00	170.0	24.2	10	10	10	10	10	0	10.0	10.00	
52	170	90.00	180.0	27.8	10	9	7	12	12	0	34.0	1.00	
28	82	69.34	1.9	19.1	9	9	119	67	61	\N	38.0	2.10	\N
29	83	64.14	1.5	31.8	9	9	134	88	66	\N	36.9	2.04	\N
30	84	56.02	1.7	26.3	9	9	138	77	75	\N	37.2	1.67	\N
31	85	51.45	1.8	16.2	9	9	140	62	65	\N	37.7	2.16	\N
32	86	75.10	1.5	24.2	9	9	118	62	99	\N	37.4	1.66	\N
33	87	90.13	1.9	32.3	9	9	109	78	76	\N	37.4	1.30	\N
34	88	65.59	1.7	31.3	9	9	105	71	87	\N	37.8	0.93	\N
35	91	95.31	1.9	25.3	9	9	126	80	90	\N	38.1	1.63	\N
36	92	56.39	1.8	41.1	9	9	108	66	72	\N	37.6	1.91	\N
37	93	65.09	1.7	25.0	9	9	135	90	91	\N	38.1	0.84	\N
38	94	54.13	1.6	23.3	9	9	130	80	76	\N	37.7	1.47	\N
39	96	97.77	1.9	15.7	9	9	108	82	91	\N	38.2	2.21	\N
40	99	63.46	1.8	31.6	9	9	138	73	80	\N	37.1	2.47	\N
27	81	66.75	1.6	27.6	9	9	110	61	86	\N	38.3	2.61	\N
41	161	90.00	168.0	31.9	9	9	12	12	12	\N	32.0	\N	
\.


--
-- Data for Name: dossier_medical; Type: TABLE DATA; Schema: public; Owner: postgres
--

COPY public.dossier_medical (id, allergies, antecedents, traitements_chroniques, patient_id, groupe_sanguin) FROM stdin;
171	Aucune allergie connue	Aucun antécédent notable	\N	171	O_POSITIF
161	Aucune allergie connue	Aucun antécédent notable	\N	161	O_POSITIF
163	Pénicilline	Diabète de type 2	\N	163	B_POSITIF
164	Aucune allergie connue	Hypertension artérielle	\N	164	A_POSITIF
165	Arachides	Diabète de type 2	\N	165	O_POSITIF
166	Aucune allergie connue	Aucun antécédent notable	\N	166	O_POSITIF
167	Aucune allergie connue	Diabète de type 2	\N	167	A_POSITIF
168	Pénicilline	Hypertension artérielle	\N	168	B_POSITIF
169	Aucune allergie connue	Hypertension artérielle	\N	169	B_POSITIF
170	Arachides	Diabète de type 2	\N	170	B_POSITIF
172	Pénicilline	Hypertension artérielle	\N	172	O_POSITIF
173	Aucune allergie connue	Aucun antécédent notable	\N	173	B_POSITIF
174	Aucune allergie connue	Diabète de type 2	\N	174	A_POSITIF
175	Arachides	Aucun antécédent notable	\N	175	O_POSITIF
176	Pénicilline	Diabète de type 2	\N	176	O_POSITIF
177	Pénicilline	Diabète de type 2	\N	177	B_POSITIF
178	Arachides	Hypertension artérielle	\N	178	B_POSITIF
179	Arachides	Aucun antécédent notable	\N	179	B_POSITIF
180	Pénicilline	Diabète de type 2	\N	180	B_POSITIF
162	Aucune allergie connue	Diabète de type 2		162	A_POSITIF
182				182	\N
183				183	\N
184				184	\N
185				185	\N
186				186	\N
187				187	\N
188				188	\N
189				189	\N
190				190	\N
\.


--
-- Data for Name: factures; Type: TABLE DATA; Schema: public; Owner: postgres
--

COPY public.factures (id, numero_facture, date_facture, prix_facture) FROM stdin;
\.


--
-- Data for Name: medecin; Type: TABLE DATA; Schema: public; Owner: postgres
--

COPY public.medecin (id, nom, email, specialite, numero_telephone) FROM stdin;
1	Dr. Ahmed Benali	ahmed.benali@hopital.com	Généraliste	0612345678
\.


--
-- Data for Name: medecin_id; Type: TABLE DATA; Schema: public; Owner: postgres
--

COPY public.medecin_id (id) FROM stdin;
1
\.


--
-- Data for Name: medicament; Type: TABLE DATA; Schema: public; Owner: postgres
--

COPY public.medicament (id, nom, description, categorie, fabricant, dosage_standard, actif) FROM stdin;
12	Ibuprofène	Anti-inflammatoire non stéroïdien	AINS	MediPharma	400mg	t
13	Amoxicilline	Antibiotique pénicilline	Antibiotique	LaboPharm	1g	t
14	Oméprazole	Inhibiteur de la pompe à protons	Anti-ulcéreux	PharmaCare	20mg	t
15	Simvastatine	Hypolipémiant	Statine	MediLab	40mg	t
11	Paracétamol	Antidouleur et antipyrétique	Antalgique	PharmaMaroc	100mg	t
16	Doliprane	description	100mg			t
17	test medicament	description	cat	fab	100	t
\.


--
-- Data for Name: notification; Type: TABLE DATA; Schema: public; Owner: postgres
--

COPY public.notification (id, message, lu, date_envoi, patient_id) FROM stdin;
1	Rappel: Votre rendez-vous est demain	t	2025-05-09 00:00:00	161
2	Votre ordonnance est prête	f	2025-05-04 00:00:00	162
3	Votre ordonnance est prête	t	2025-05-05 00:00:00	166
4	Votre ordonnance est prête	f	2025-05-05 00:00:00	167
5	Rappel: Votre rendez-vous est demain	t	2025-05-04 00:00:00	168
6	Rappel: Votre rendez-vous est demain	f	2025-05-06 00:00:00	170
7	Résultats d'analyse disponibles	f	2025-05-09 00:00:00	171
8	Rappel: Votre rendez-vous est demain	t	2025-05-08 00:00:00	173
9	Rappel: Votre rendez-vous est demain	f	2025-05-08 00:00:00	175
10	Votre ordonnance est prête	f	2025-05-09 00:00:00	176
11	Votre ordonnance est prête	f	2025-05-08 00:00:00	180
\.


--
-- Data for Name: ordonnance; Type: TABLE DATA; Schema: public; Owner: postgres
--

COPY public.ordonnance (id, contenu, date_emission, archivee, remarques, rendez_vous_id) FROM stdin;
22	Prescription spéciale	2025-06-01	f	A prendre après les repas	82
23	Prescription standard	2025-06-04	f	A prendre avant les repas	83
24	Prescription spéciale	2025-05-11	f	A prendre après les repas	84
25	Prescription standard	2025-06-07	f	A prendre après les repas	86
26	Prescription spéciale	2025-05-09	f	A prendre après les repas	87
27	Prescription spéciale	2025-06-05	f	A prendre après les repas	95
28	Prescription standard	2025-06-03	f	A prendre avant les repas	96
29	Prescription standard	2025-05-12	f	A prendre avant les repas	97
30	Prescription spéciale	2025-05-24	f	A prendre avant les repas	98
31	Prescription spéciale	2025-05-31	f	A prendre après les repas	99
32	Prescription spéciale	2025-05-23	f	A prendre avant les repas	100
21	Prescription spéciale	2025-05-18	f	A prendre après les repas	\N
33	string	2025-05-12	f	string	\N
34	Contenu par défaut généré automatiquement.	2025-05-12	f		\N
35	string	2025-05-12	f	string	81
42		\N	f		127
45	Contenu par défaut généré automatiquement.	2025-05-19	f		161
46		2025-05-19	f		111
47		2025-05-19	f		162
48		2025-05-22	f		164
49		2025-05-22	f		165
50		2025-05-23	f		169
51		2025-05-23	f		170
\.


--
-- Data for Name: ordonnance_medicament; Type: TABLE DATA; Schema: public; Owner: postgres
--

COPY public.ordonnance_medicament (id, ordonnance_id, medicament_id, posologie, duree, frequence, instructions) FROM stdin;
53	21	14	2 comprimés	5 jours	3 fois par jour	Eviter la prise en position couchée
54	21	15	2 comprimés	7 jours	3 fois par jour	Eviter la prise en position couchée
55	23	12	1 comprimé	10 jours	3 fois par jour	Eviter la prise en position couchée
56	23	13	2 comprimés	7 jours	2 fois par jour	A prendre avec un verre d'eau
57	23	14	2 comprimés	7 jours	3 fois par jour	A prendre avec un verre d'eau
58	23	15	2 comprimés	7 jours	2 fois par jour	A prendre avec un verre d'eau
59	24	13	2 comprimés	7 jours	2 fois par jour	A prendre avec un verre d'eau
60	24	15	2 comprimés	7 jours	3 fois par jour	Eviter la prise en position couchée
61	25	11	1 comprimé	7 jours	3 fois par jour	Eviter la prise en position couchée
62	25	14	2 comprimés	5 jours	2 fois par jour	A prendre avec un verre d'eau
63	26	11	1 comprimé	10 jours	3 fois par jour	Eviter la prise en position couchée
64	26	14	2 comprimés	7 jours	2 fois par jour	Eviter la prise en position couchée
65	27	12	1 comprimé	5 jours	2 fois par jour	Eviter la prise en position couchée
66	27	13	2 comprimés	5 jours	3 fois par jour	A prendre avec un verre d'eau
67	27	14	2 comprimés	7 jours	2 fois par jour	A prendre avec un verre d'eau
68	27	15	2 comprimés	7 jours	2 fois par jour	A prendre avec un verre d'eau
69	28	11	1 comprimé	10 jours	3 fois par jour	A prendre avec un verre d'eau
70	28	12	1 comprimé	10 jours	2 fois par jour	Eviter la prise en position couchée
71	28	13	2 comprimés	5 jours	3 fois par jour	Eviter la prise en position couchée
72	28	15	2 comprimés	10 jours	3 fois par jour	Eviter la prise en position couchée
73	29	12	1 comprimé	7 jours	2 fois par jour	Eviter la prise en position couchée
74	29	13	2 comprimés	10 jours	3 fois par jour	A prendre avec un verre d'eau
75	29	15	2 comprimés	7 jours	3 fois par jour	A prendre avec un verre d'eau
76	30	11	1 comprimé	7 jours	3 fois par jour	A prendre avec un verre d'eau
77	30	13	2 comprimés	10 jours	3 fois par jour	A prendre avec un verre d'eau
78	30	14	2 comprimés	5 jours	2 fois par jour	A prendre avec un verre d'eau
79	30	15	2 comprimés	7 jours	3 fois par jour	A prendre avec un verre d'eau
80	31	14	2 comprimés	7 jours	2 fois par jour	Eviter la prise en position couchée
81	31	15	2 comprimés	5 jours	2 fois par jour	Eviter la prise en position couchée
82	32	11	1 comprimé	7 jours	2 fois par jour	Eviter la prise en position couchée
83	22	15	string	string	string	string
84	47	11	\N	7	3	\N
85	48	16	\N	5	2	\N
86	49	11	\N			\N
87	50	11	\N	9	9	\N
88	51	16	\N	7	2	\N
89	51	15	\N	30	3	\N
\.


--
-- Data for Name: paiement; Type: TABLE DATA; Schema: public; Owner: postgres
--

COPY public.paiement (id, montant, date_paiement, mode_paiement, patient_id, consultation_id) FROM stdin;
\.


--
-- Data for Name: patient; Type: TABLE DATA; Schema: public; Owner: postgres
--

COPY public.patient (id, nom, date_naissance, malade, adresse, code_postal, numero_telephone, titre, rapport, cin, email) FROM stdin;
185	Youssef hamdi	2003-12-29	t	hay douaa	11111	999999999	Mr	<font face="Times New Roman" size="2">RAS</font>	w001234	youssef.hamdi@gmail.fr
189	gghghgh	2008-12-30	t	Res rachad TR B Imm B6 app 4, sidi moumen casa casablanca, Grand Casablanca - Settat, Morocco, 20400	20400	8888888888	Mr	<font face="Times New Roman" size="2">RAS</font>	gfghhfg	jhjhv@jhvhjv
161	Fatima El Amrani	1985-05-15	t	12 Rue des Orangers, Casablanca	27500	0612345678	M	rapport	AB123456	fatima.elamrani@email.com
162	Mohamed Benjelloun	1990-07-22	t	45 Avenue Hassan II, Rabat	27500	0623456789	Mr	<b>rapport</b>	CD234567	mohamed.benjelloun@email.com
182	HASNAOUI HAMZA	2005-01-04	t	residence toubqal 		788998899	Mr	<font face="Times New Roman" size="2">RAS</font>	BF55665	hamza.hasnaoui@email.com
186	MOHAMMED ZANFAR 	1997-12-30	t	Res rachad TR B Imm B6 app 4, sidi moumen casa casablanca, Grand Casablanca - Settat, Morocco, 20400	20400	700719952	Mr	<font face="Times New Roman" size="2">RAS</font>	BF55665	zanfar.med@gmail.com
190	TEST HAMID	1999-12-12	t	test adresse	50000	9000000000	Mr	<font face="Times New Roman" size="2">RAS</font>	T90000	test.hamid@gmail.test
163	Amina Chraibi	1978-11-30	f	8 Rue Mohammed V, Marrakech	27500	0634567890	Mr	rapport	EF345678	amina.chraibi@email.com
164	Karim Daoudi	1995-03-10	f	22 Boulevard Zerktouni, Casablanca	27500	0645678901	Mr	rapport	GH456789	karim.daoudi@email.com
165	Leila El Fassi	1982-09-18	f	5 Rue de la Liberté, Fès	27500	0656789012	Mr	rapport	IJ567890	leila.elfassi@email.com
166	Youssef Ghannam	1975-12-05	f	30 Avenue Mohammed VI, Tanger	27500	0667890123	Mr	rapport	KL678901	youssef.ghannam@email.com
167	Nadia Hassani	1992-04-25	f	14 Rue Ibn Batouta, Agadir	27500	0678901234	Mr	rapport	MN789012	nadia.hassani@email.com
168	Hamza Idrissi	1988-08-12	f	7 Avenue des FAR, Rabat	27500	0689012345	Mr	rapport	OP890123	hamza.idrissi@email.com
169	Samira Jabri	1973-01-20	f	19 Rue de Paris, Casablanca	27500	0690123456	Mr	rapport	QR901234	samira.jabri@email.com
170	Adil Kabbaj	1998-06-08	f	3 Boulevard Moulay Youssef, Marrakech	27500	0601234567	Mr	rapport	ST012345	adil.kabbaj@email.com
171	Zineb Lahlou	1980-10-15	f	27 Avenue des Nations Unies, Casablanca	27500	0619876543	Mr	rapport	UV123456	zineb.lahlou@email.com
172	Omar Mansouri	1970-02-28	f	9 Rue Imam Malik, Fès	27500	0628765432	Mr	rapport	WX234567	omar.mansouri@email.com
173	Hafsa Naciri	1993-07-17	f	11 Boulevard Mohammed V, Rabat	27500	0637654321	Mr	rapport	YZ345678	hafsa.naciri@email.com
174	Rachid Ouazzani	1987-12-03	f	6 Rue de la Plage, Agadir	27500	0646543210	Mr	rapport	ZA456789	rachid.ouazzani@email.com
175	Sanaa Qasmi	1976-04-22	f	18 Avenue Hassan I, Tanger	27500	0655432109	Mr	rapport	BC567890	sanaa.qasmi@email.com
176	Mehdi Rifi	1991-09-09	f	2 Rue de la Mosquée, Marrakech	27500	0664321098	Mr	rapport	DE678901	mehdi.rifi@email.com
177	Asmae Saadi	1984-03-14	f	25 Boulevard Anfa, Casablanca	27500	0673210987	Mr	rapport	FG789012	asmae.saadi@email.com
178	Walid Tazi	1979-11-27	f	13 Rue de Fès, Rabat	27500	0682109876	Mr	rapport	HI890123	walid.tazi@email.com
179	Salma Zouhair	1996-05-05	f	4 Avenue Moulay Abdellah, Casablanca	27500	0691098765	Mr	rapport	JK901234	salma.zouhair@email.com
180	Anas Bennis	1989-08-19	f	16 Rue de Tanger, Fès	27500	0600987654	Mr	rapport	LM012345	anas.bennis@email.com
183	ZANFAR MOHAMMED	1996-01-01	t	Res rachad TR B Imm B6 app 4, sidi moumen casa casablanca, Grand Casablanca - Settat, Morocco, 20400	20400	700719952	Mr	<font face="Times New Roman" size="2"><b>RAS</b></font>	RR999999	zanfar.med@gmail.com
184	zanfar mohammed	2003-01-29	t	test	111	89898989	Mr	<font face="Times New Roman" size="2"><b><strike>RAS</strike></b></font>	bbh0000	zanfar@zanfar.rr
187	MHamed FARIK	1999-06-09	t	Res rachad TR B Imm B6 app 4, sidi moumen casa casablanca, Grand Casablanca - Settat, Morocco, 20400	20400	760719952	Mr	<font face="Times New Roman" size="2">RAS</font>	BF55669	zanfar.mhamed@gmail.com
188	mhamed farik	2008-01-01	t	test ,test		99999999991	Mr	<font face="Times New Roman" size="2">RAS</font>	b00000	mhamed.farik@malade.ma
\.


--
-- Data for Name: permission; Type: TABLE DATA; Schema: public; Owner: postgres
--

COPY public.permission (id, name, description, category) FROM stdin;
1	ORDONNANCE_GENERER	Générer une ordonnance	ORDONNANCE
2	ORDONNANCE_CONSULTER	Consulter une ordonnance	ORDONNANCE
3	ORDONNANCE_MODIFIER	Modifier une ordonnance	ORDONNANCE
4	ORDONNANCE_SUPPRIMER	Supprimer une ordonnance	ORDONNANCE
5	MEDICAMENT_AJOUTER	Ajouter un médicament	MEDICAMENT
6	MEDICAMENT_CONSULTER	Consulter un médicament	MEDICAMENT
7	MEDICAMENT_MODIFIER	Modifier un médicament	MEDICAMENT
8	MEDICAMENT_SUPPRIMER	Supprimer un médicament	MEDICAMENT
9	ROLE_LIST	Lister les rôles	ADMIN
10	ROLE_VIEW	Consulter un rôle	ADMIN
11	ROLE_CREATE	Créer un rôle	ADMIN
12	ROLE_UPDATE	Mettre à jour un rôle	ADMIN
13	ROLE_DELETE	Supprimer un rôle	ADMIN
14	PERMISSION_LIST	Lister les permissions	ADMIN
15	PERMISSION_VIEW	Consulter une permission	ADMIN
16	PERMISSION_CREATE	Créer une permission	ADMIN
17	PERMISSION_UPDATE	Mettre à jour une permission	ADMIN
18	PERMISSION_DELETE	Supprimer une permission	ADMIN
19	ROLE_PERMISSION_ASSIGN	Assigner une permission à un rôle	ADMIN
20	ROLE_PERMISSION_REMOVE	Retirer une permission d'un rôle	ADMIN
\.


--
-- Data for Name: rendez_vous; Type: TABLE DATA; Schema: public; Owner: postgres
--

COPY public.rendez_vous (id, date, status_rdv, medecin_id, patient_id, rapport, prix, date_fin) FROM stdin;
127	2025-05-13 11:00:00	PENDING	1	162	Suivi traitement	200.00	2025-05-13 11:00:00
111	2025-03-28 13:00:00	CONFIRMED	1	161	Consultation de routine - Tout va bien	242.16	\N
84	2025-05-11 14:00:00	CONFIRMED	1	164	Consultation de routine - Tout va bien	347.47	\N
86	2025-06-07 15:00:00	CONFIRMED	1	166	Examen complémentaire nécessaire	478.70	\N
87	2025-05-09 10:00:00	CONFIRMED	1	167	Prescription de médicaments	433.94	\N
88	2025-05-31 11:00:00	CONFIRMED	1	168	Consultation de routine - Tout va bien	452.07	\N
93	2025-05-29 16:00:00	CONFIRMED	1	173	Prescription de médicaments	284.46	\N
98	2025-05-24 11:00:00	CONFIRMED	1	178	Consultation de routine - Tout va bien	450.31	\N
99	2025-05-31 16:00:00	CONFIRMED	1	179	Consultation de routine - Tout va bien	233.44	\N
100	2025-05-23 11:00:00	CONFIRMED	1	180	Prescription de médicaments	294.92	\N
81	2025-05-28 13:00:00	CONFIRMED	1	161	Consultation de routine - Tout va bien	242.16	2025-05-28 13:30:00
89	2025-05-19 13:00:00	CANCELLED	1	169	Examen complémentaire nécessaire	225.12	\N
92	2025-05-18 09:00:00	CANCELLED	1	172	Prescription de médicaments	319.15	\N
82	2025-04-01 09:00:00	CONFIRMED	1	162	Consultation de routine - Tout va bien	202.39	\N
83	2025-03-04 13:00:00	CONFIRMED	1	163	Consultation de routine - Tout va bien	322.79	\N
85	2025-04-03 09:00:00	CONFIRMED	1	165	Consultation de routine - Tout va bien	234.87	\N
90	2025-03-07 12:00:00	CONFIRMED	1	170	Consultation de routine - Tout va bien	254.60	\N
91	2025-03-24 12:00:00	CONFIRMED	1	171	Consultation de routine - Tout va bien	253.06	\N
95	2025-01-05 12:00:00	CONFIRMED	1	175	Prescription de médicaments	351.63	\N
96	2025-02-03 12:00:00	CONFIRMED	1	176	Examen complémentaire nécessaire	385.47	\N
97	2025-02-12 11:00:00	CONFIRMED	1	177	Prescription de médicaments	480.69	\N
116	2025-04-28 13:00:00	CONFIRMED	1	161	\N	0.00	2025-09-28 13:30:00
94	2025-02-06 15:00:00	CANCELLED	1	174	Examen complémentaire nécessaire	318.63	\N
117	2025-03-28 13:00:00	CONFIRMED	1	161	\N	0.00	2025-10-28 13:30:00
118	2025-05-12 09:00:00	CONFIRMED	1	161	Consultation générale	250.00	2025-05-12 09:30:00
119	2025-05-12 10:00:00	CONFIRMED	1	162	Suivi traitement	200.00	2025-05-12 10:30:00
120	2025-05-12 11:00:00	CONFIRMED	1	163	Examen annuel	300.00	2025-05-12 11:30:00
121	2025-05-12 14:00:00	CONFIRMED	1	164	Vaccination	150.00	2025-05-12 14:30:00
122	2025-05-12 15:00:00	CONFIRMED	1	165	Consultation urgence	350.00	2025-05-12 15:30:00
123	2025-05-12 16:00:00	CONFIRMED	1	166	Bilan sanguin	180.00	2025-05-13 09:30:00
124	2025-05-12 17:00:00	CONFIRMED	1	167	Suivi cardiologie	280.00	2025-05-13 10:30:00
125	2025-05-12 18:00:00	CONFIRMED	1	168	Consultation pédiatrie	220.00	2025-05-13 11:30:00
128	2025-05-13 11:00:00	CONFIRMED	1	163	Examen annuel	300.00	2025-05-12 11:30:00
129	2025-05-13 14:00:00	CONFIRMED	1	164	Vaccination	150.00	2025-05-12 14:30:00
130	2025-05-13 15:00:00	CONFIRMED	1	165	Consultation urgence	350.00	2025-05-12 15:30:00
131	2025-05-13 16:00:00	CONFIRMED	1	166	Bilan sanguin	180.00	2025-05-13 09:30:00
132	2025-05-13 17:00:00	CONFIRMED	1	167	Suivi cardiologie	280.00	2025-05-13 10:30:00
133	2025-05-13 18:00:00	CONFIRMED	1	168	Consultation pédiatrie	220.00	2025-05-13 11:30:00
134	2025-05-14 09:00:00	CONFIRMED	1	161	Consultation générale	250.00	2025-05-12 09:30:00
135	2025-05-14 10:00:00	CONFIRMED	1	162	Suivi traitement	200.00	2025-05-12 10:30:00
136	2025-05-14 11:00:00	CONFIRMED	1	163	Examen annuel	300.00	2025-05-12 11:30:00
137	2025-05-14 14:00:00	CONFIRMED	1	164	Vaccination	150.00	2025-05-12 14:30:00
138	2025-05-14 15:00:00	CONFIRMED	1	165	Consultation urgence	350.00	2025-05-12 15:30:00
139	2025-05-14 16:00:00	CONFIRMED	1	166	Bilan sanguin	180.00	2025-05-13 09:30:00
140	2025-05-14 17:00:00	CONFIRMED	1	167	Suivi cardiologie	280.00	2025-05-13 10:30:00
141	2025-05-14 18:00:00	CONFIRMED	1	168	Consultation pédiatrie	220.00	2025-05-13 11:30:00
142	2025-05-15 09:00:00	CONFIRMED	1	161	Consultation générale	250.00	2025-05-12 09:30:00
143	2025-05-15 10:00:00	CONFIRMED	1	162	Suivi traitement	200.00	2025-05-12 10:30:00
144	2025-05-15 11:00:00	CONFIRMED	1	163	Examen annuel	300.00	2025-05-12 11:30:00
145	2025-05-15 14:00:00	CONFIRMED	1	164	Vaccination	150.00	2025-05-12 14:30:00
146	2025-05-15 15:00:00	CONFIRMED	1	165	Consultation urgence	350.00	2025-05-12 15:30:00
147	2025-05-15 16:00:00	CONFIRMED	1	166	Bilan sanguin	180.00	2025-05-13 09:30:00
148	2025-05-15 17:00:00	CONFIRMED	1	167	Suivi cardiologie	280.00	2025-05-13 10:30:00
149	2025-05-15 18:00:00	CONFIRMED	1	168	Consultation pédiatrie	220.00	2025-05-13 11:30:00
150	2025-05-16 09:00:00	CONFIRMED	1	161	Consultation générale	250.00	2025-05-12 09:30:00
151	2025-05-16 10:00:00	CONFIRMED	1	162	Suivi traitement	200.00	2025-05-12 10:30:00
152	2025-05-16 11:00:00	CONFIRMED	1	163	Examen annuel	300.00	2025-05-12 11:30:00
153	2025-05-16 14:00:00	CONFIRMED	1	164	Vaccination	150.00	2025-05-12 14:30:00
154	2025-05-16 15:00:00	CONFIRMED	1	165	Consultation urgence	350.00	2025-05-12 15:30:00
155	2025-05-16 16:00:00	CONFIRMED	1	166	Bilan sanguin	180.00	2025-05-13 09:30:00
156	2025-05-16 17:00:00	CONFIRMED	1	167	Suivi cardiologie	280.00	2025-05-13 10:30:00
157	2025-05-16 18:00:00	CONFIRMED	1	168	Consultation pédiatrie	220.00	2025-05-13 11:30:00
158	2025-05-13 09:00:00	PENDING	1	163		250.00	2025-05-13 09:30:00
159	2025-05-14 19:00:00	PENDING	1	163		499.00	2025-05-14 19:30:00
160	2025-05-31 11:30:00	PENDING	1	161		900.00	2025-05-31 12:00:00
161	2025-05-19 12:00:00	PENDING	1	182		300.00	\N
162	2025-05-21 17:00:00	DONE	1	182		500.00	\N
163	2025-05-20 10:30:00	PENDING	1	174	Consultation DONE	500.00	\N
164	2025-05-22 14:00:00	PENDING	1	182		400.00	\N
165	2025-05-22 20:00:00	PENDING	1	185		0.00	\N
166	2025-05-22 11:00:00	PENDING	1	186		500.00	2025-05-22 11:30:00
167	2025-05-23 12:00:00	PENDING	1	186		400.00	2025-05-23 12:30:00
168	2025-05-24 12:00:00	PENDING	1	186		300.00	2025-05-24 12:30:00
170	2025-05-23 11:00:00	PENDING	1	190		900.00	\N
169	2025-05-23 22:00:00	PENDING	1	189		700.00	\N
\.


--
-- Name: app_role_role_id_seq; Type: SEQUENCE SET; Schema: public; Owner: postgres
--

SELECT pg_catalog.setval('public.app_role_role_id_seq', 4, true);


--
-- Name: disponibilite_medecin_id_seq; Type: SEQUENCE SET; Schema: public; Owner: postgres
--

SELECT pg_catalog.setval('public.disponibilite_medecin_id_seq', 1, false);


--
-- Name: documents_id_seq; Type: SEQUENCE SET; Schema: public; Owner: postgres
--

SELECT pg_catalog.setval('public.documents_id_seq', 3, true);


--
-- Name: donnees_physiologiques_id_seq; Type: SEQUENCE SET; Schema: public; Owner: postgres
--

SELECT pg_catalog.setval('public.donnees_physiologiques_id_seq', 54, true);


--
-- Name: dossier_medical_id_seq; Type: SEQUENCE SET; Schema: public; Owner: postgres
--

SELECT pg_catalog.setval('public.dossier_medical_id_seq', 190, true);


--
-- Name: factures_id_seq; Type: SEQUENCE SET; Schema: public; Owner: postgres
--

SELECT pg_catalog.setval('public.factures_id_seq', 1, false);


--
-- Name: medecin_id_seq; Type: SEQUENCE SET; Schema: public; Owner: postgres
--

SELECT pg_catalog.setval('public.medecin_id_seq', 7, true);


--
-- Name: medicament_id_seq; Type: SEQUENCE SET; Schema: public; Owner: postgres
--

SELECT pg_catalog.setval('public.medicament_id_seq', 17, true);


--
-- Name: notification_id_seq; Type: SEQUENCE SET; Schema: public; Owner: postgres
--

SELECT pg_catalog.setval('public.notification_id_seq', 11, true);


--
-- Name: ordonnance_id_seq; Type: SEQUENCE SET; Schema: public; Owner: postgres
--

SELECT pg_catalog.setval('public.ordonnance_id_seq', 51, true);


--
-- Name: ordonnance_medicament_id_seq; Type: SEQUENCE SET; Schema: public; Owner: postgres
--

SELECT pg_catalog.setval('public.ordonnance_medicament_id_seq', 89, true);


--
-- Name: paiement_id_seq; Type: SEQUENCE SET; Schema: public; Owner: postgres
--

SELECT pg_catalog.setval('public.paiement_id_seq', 1, false);


--
-- Name: patient_id_seq; Type: SEQUENCE SET; Schema: public; Owner: postgres
--

SELECT pg_catalog.setval('public.patient_id_seq', 190, true);


--
-- Name: permission_id_seq; Type: SEQUENCE SET; Schema: public; Owner: postgres
--

SELECT pg_catalog.setval('public.permission_id_seq', 20, true);


--
-- Name: rendez_vous_id_seq; Type: SEQUENCE SET; Schema: public; Owner: postgres
--

SELECT pg_catalog.setval('public.rendez_vous_id_seq', 170, true);


--
-- Name: app_role app_role_pkey; Type: CONSTRAINT; Schema: public; Owner: postgres
--

ALTER TABLE ONLY public.app_role
    ADD CONSTRAINT app_role_pkey PRIMARY KEY (role_id);


--
-- Name: app_role app_role_role_name_key; Type: CONSTRAINT; Schema: public; Owner: postgres
--

ALTER TABLE ONLY public.app_role
    ADD CONSTRAINT app_role_role_name_key UNIQUE (role_name);


--
-- Name: app_user app_user_pkey; Type: CONSTRAINT; Schema: public; Owner: postgres
--

ALTER TABLE ONLY public.app_user
    ADD CONSTRAINT app_user_pkey PRIMARY KEY (user_id);


--
-- Name: app_user app_user_username_key; Type: CONSTRAINT; Schema: public; Owner: postgres
--

ALTER TABLE ONLY public.app_user
    ADD CONSTRAINT app_user_username_key UNIQUE (username);


--
-- Name: databasechangeloglock databasechangeloglock_pkey; Type: CONSTRAINT; Schema: public; Owner: postgres
--

ALTER TABLE ONLY public.databasechangeloglock
    ADD CONSTRAINT databasechangeloglock_pkey PRIMARY KEY (id);


--
-- Name: disponibilite_medecin disponibilite_medecin_pkey; Type: CONSTRAINT; Schema: public; Owner: postgres
--

ALTER TABLE ONLY public.disponibilite_medecin
    ADD CONSTRAINT disponibilite_medecin_pkey PRIMARY KEY (id);


--
-- Name: documents documents_pkey; Type: CONSTRAINT; Schema: public; Owner: postgres
--

ALTER TABLE ONLY public.documents
    ADD CONSTRAINT documents_pkey PRIMARY KEY (id);


--
-- Name: donnees_physiologiques donnees_physiologiques_pkey; Type: CONSTRAINT; Schema: public; Owner: postgres
--

ALTER TABLE ONLY public.donnees_physiologiques
    ADD CONSTRAINT donnees_physiologiques_pkey PRIMARY KEY (id);


--
-- Name: donnees_physiologiques donnees_physiologiques_rendez_vous_id_key; Type: CONSTRAINT; Schema: public; Owner: postgres
--

ALTER TABLE ONLY public.donnees_physiologiques
    ADD CONSTRAINT donnees_physiologiques_rendez_vous_id_key UNIQUE (rendez_vous_id);


--
-- Name: dossier_medical dossier_medical_pkey; Type: CONSTRAINT; Schema: public; Owner: postgres
--

ALTER TABLE ONLY public.dossier_medical
    ADD CONSTRAINT dossier_medical_pkey PRIMARY KEY (id);


--
-- Name: factures factures_numero_facture_key; Type: CONSTRAINT; Schema: public; Owner: postgres
--

ALTER TABLE ONLY public.factures
    ADD CONSTRAINT factures_numero_facture_key UNIQUE (numero_facture);


--
-- Name: factures factures_pkey; Type: CONSTRAINT; Schema: public; Owner: postgres
--

ALTER TABLE ONLY public.factures
    ADD CONSTRAINT factures_pkey PRIMARY KEY (id);


--
-- Name: medecin medecin_pkey; Type: CONSTRAINT; Schema: public; Owner: postgres
--

ALTER TABLE ONLY public.medecin
    ADD CONSTRAINT medecin_pkey PRIMARY KEY (id);


--
-- Name: medicament medicament_pkey; Type: CONSTRAINT; Schema: public; Owner: postgres
--

ALTER TABLE ONLY public.medicament
    ADD CONSTRAINT medicament_pkey PRIMARY KEY (id);


--
-- Name: notification notification_pkey; Type: CONSTRAINT; Schema: public; Owner: postgres
--

ALTER TABLE ONLY public.notification
    ADD CONSTRAINT notification_pkey PRIMARY KEY (id);


--
-- Name: ordonnance_medicament ordonnance_medicament_pkey; Type: CONSTRAINT; Schema: public; Owner: postgres
--

ALTER TABLE ONLY public.ordonnance_medicament
    ADD CONSTRAINT ordonnance_medicament_pkey PRIMARY KEY (id);


--
-- Name: ordonnance ordonnance_pkey; Type: CONSTRAINT; Schema: public; Owner: postgres
--

ALTER TABLE ONLY public.ordonnance
    ADD CONSTRAINT ordonnance_pkey PRIMARY KEY (id);


--
-- Name: ordonnance ordonnance_rendez_vous_id_key; Type: CONSTRAINT; Schema: public; Owner: postgres
--

ALTER TABLE ONLY public.ordonnance
    ADD CONSTRAINT ordonnance_rendez_vous_id_key UNIQUE (rendez_vous_id);


--
-- Name: paiement paiement_pkey; Type: CONSTRAINT; Schema: public; Owner: postgres
--

ALTER TABLE ONLY public.paiement
    ADD CONSTRAINT paiement_pkey PRIMARY KEY (id);


--
-- Name: patient patient_pkey; Type: CONSTRAINT; Schema: public; Owner: postgres
--

ALTER TABLE ONLY public.patient
    ADD CONSTRAINT patient_pkey PRIMARY KEY (id);


--
-- Name: permission permission_name_key; Type: CONSTRAINT; Schema: public; Owner: postgres
--

ALTER TABLE ONLY public.permission
    ADD CONSTRAINT permission_name_key UNIQUE (name);


--
-- Name: permission permission_pkey; Type: CONSTRAINT; Schema: public; Owner: postgres
--

ALTER TABLE ONLY public.permission
    ADD CONSTRAINT permission_pkey PRIMARY KEY (id);


--
-- Name: app_role_permissions pk_app_role_permissions; Type: CONSTRAINT; Schema: public; Owner: postgres
--

ALTER TABLE ONLY public.app_role_permissions
    ADD CONSTRAINT pk_app_role_permissions PRIMARY KEY (app_role_role_id, permissions_id);


--
-- Name: rendez_vous rendez_vous_pkey; Type: CONSTRAINT; Schema: public; Owner: postgres
--

ALTER TABLE ONLY public.rendez_vous
    ADD CONSTRAINT rendez_vous_pkey PRIMARY KEY (id);


--
-- Name: idx_document_categorie; Type: INDEX; Schema: public; Owner: postgres
--

CREATE INDEX idx_document_categorie ON public.documents USING btree (categorie);


--
-- Name: idx_document_dossier_medical; Type: INDEX; Schema: public; Owner: postgres
--

CREATE INDEX idx_document_dossier_medical ON public.documents USING btree (dossier_medical_id);


--
-- Name: idx_donnees_physiologiques_rdv; Type: INDEX; Schema: public; Owner: postgres
--

CREATE INDEX idx_donnees_physiologiques_rdv ON public.donnees_physiologiques USING btree (rendez_vous_id);


--
-- Name: idx_medecin_nom; Type: INDEX; Schema: public; Owner: postgres
--

CREATE INDEX idx_medecin_nom ON public.medecin USING btree (nom);


--
-- Name: idx_medicament_nom; Type: INDEX; Schema: public; Owner: postgres
--

CREATE INDEX idx_medicament_nom ON public.medicament USING btree (nom);


--
-- Name: idx_notification_patient; Type: INDEX; Schema: public; Owner: postgres
--

CREATE INDEX idx_notification_patient ON public.notification USING btree (patient_id, lu);


--
-- Name: idx_ordonnance_medicament_ordonnance; Type: INDEX; Schema: public; Owner: postgres
--

CREATE INDEX idx_ordonnance_medicament_ordonnance ON public.ordonnance_medicament USING btree (ordonnance_id);


--
-- Name: idx_paiement_date; Type: INDEX; Schema: public; Owner: postgres
--

CREATE INDEX idx_paiement_date ON public.paiement USING btree (date_paiement);


--
-- Name: idx_patient_medecin_rdv; Type: INDEX; Schema: public; Owner: postgres
--

CREATE INDEX idx_patient_medecin_rdv ON public.rendez_vous USING btree (patient_id, medecin_id, date);


--
-- Name: idx_patient_nom; Type: INDEX; Schema: public; Owner: postgres
--

CREATE INDEX idx_patient_nom ON public.patient USING btree (nom);


--
-- Name: idx_rdv_date; Type: INDEX; Schema: public; Owner: postgres
--

CREATE INDEX idx_rdv_date ON public.rendez_vous USING btree (date);


--
-- Name: disponibilite_medecin fk_dispo_medecin; Type: FK CONSTRAINT; Schema: public; Owner: postgres
--

ALTER TABLE ONLY public.disponibilite_medecin
    ADD CONSTRAINT fk_dispo_medecin FOREIGN KEY (medecin_id) REFERENCES public.medecin(id);


--
-- Name: documents fk_document_dossier_medical; Type: FK CONSTRAINT; Schema: public; Owner: postgres
--

ALTER TABLE ONLY public.documents
    ADD CONSTRAINT fk_document_dossier_medical FOREIGN KEY (dossier_medical_id) REFERENCES public.dossier_medical(id);


--
-- Name: donnees_physiologiques fk_donnees_physiologiques_rdv; Type: FK CONSTRAINT; Schema: public; Owner: postgres
--

ALTER TABLE ONLY public.donnees_physiologiques
    ADD CONSTRAINT fk_donnees_physiologiques_rdv FOREIGN KEY (rendez_vous_id) REFERENCES public.rendez_vous(id) ON DELETE CASCADE;


--
-- Name: dossier_medical fk_dossier_patient; Type: FK CONSTRAINT; Schema: public; Owner: postgres
--

ALTER TABLE ONLY public.dossier_medical
    ADD CONSTRAINT fk_dossier_patient FOREIGN KEY (patient_id) REFERENCES public.patient(id);


--
-- Name: notification fk_notification_patient; Type: FK CONSTRAINT; Schema: public; Owner: postgres
--

ALTER TABLE ONLY public.notification
    ADD CONSTRAINT fk_notification_patient FOREIGN KEY (patient_id) REFERENCES public.patient(id);


--
-- Name: ordonnance_medicament fk_ordonnance_medicament_medicament; Type: FK CONSTRAINT; Schema: public; Owner: postgres
--

ALTER TABLE ONLY public.ordonnance_medicament
    ADD CONSTRAINT fk_ordonnance_medicament_medicament FOREIGN KEY (medicament_id) REFERENCES public.medicament(id);


--
-- Name: ordonnance_medicament fk_ordonnance_medicament_ordonnance; Type: FK CONSTRAINT; Schema: public; Owner: postgres
--

ALTER TABLE ONLY public.ordonnance_medicament
    ADD CONSTRAINT fk_ordonnance_medicament_ordonnance FOREIGN KEY (ordonnance_id) REFERENCES public.ordonnance(id) ON DELETE CASCADE;


--
-- Name: ordonnance fk_ordonnance_rendez_vous; Type: FK CONSTRAINT; Schema: public; Owner: postgres
--

ALTER TABLE ONLY public.ordonnance
    ADD CONSTRAINT fk_ordonnance_rendez_vous FOREIGN KEY (rendez_vous_id) REFERENCES public.rendez_vous(id);


--
-- Name: paiement fk_paiement_patient; Type: FK CONSTRAINT; Schema: public; Owner: postgres
--

ALTER TABLE ONLY public.paiement
    ADD CONSTRAINT fk_paiement_patient FOREIGN KEY (patient_id) REFERENCES public.patient(id);


--
-- Name: rendez_vous fk_rdv_medecin; Type: FK CONSTRAINT; Schema: public; Owner: postgres
--

ALTER TABLE ONLY public.rendez_vous
    ADD CONSTRAINT fk_rdv_medecin FOREIGN KEY (medecin_id) REFERENCES public.medecin(id);


--
-- Name: rendez_vous fk_rdv_patient; Type: FK CONSTRAINT; Schema: public; Owner: postgres
--

ALTER TABLE ONLY public.rendez_vous
    ADD CONSTRAINT fk_rdv_patient FOREIGN KEY (patient_id) REFERENCES public.patient(id);


--
-- Name: app_role_permissions fk_role_permission_permission; Type: FK CONSTRAINT; Schema: public; Owner: postgres
--

ALTER TABLE ONLY public.app_role_permissions
    ADD CONSTRAINT fk_role_permission_permission FOREIGN KEY (permissions_id) REFERENCES public.permission(id);


--
-- Name: app_role_permissions fk_role_permission_role; Type: FK CONSTRAINT; Schema: public; Owner: postgres
--

ALTER TABLE ONLY public.app_role_permissions
    ADD CONSTRAINT fk_role_permission_role FOREIGN KEY (app_role_role_id) REFERENCES public.app_role(role_id);


--
-- Name: app_user_app_roles fk_user_role_role; Type: FK CONSTRAINT; Schema: public; Owner: postgres
--

ALTER TABLE ONLY public.app_user_app_roles
    ADD CONSTRAINT fk_user_role_role FOREIGN KEY (app_roles_role_id) REFERENCES public.app_role(role_id);


--
-- Name: app_user_app_roles fk_user_role_user; Type: FK CONSTRAINT; Schema: public; Owner: postgres
--

ALTER TABLE ONLY public.app_user_app_roles
    ADD CONSTRAINT fk_user_role_user FOREIGN KEY (app_user_user_id) REFERENCES public.app_user(user_id);


--
-- PostgreSQL database dump complete
--

